{
  "metrics": {
    "device": "cuda",
    "empirical_mean": -0.027341565117239952,
    "empirical_var": 1.4017537832260132,
    "empirical_weights": [
      0.14914999902248383,
      0.5116999745368958,
      0.2858000099658966,
      0.05335000157356262
    ],
    "mean_abs_error": 0.0035677943378686905,
    "target_mean": -0.030909359455108643,
    "target_var": 1.4597606658935547,
    "target_weights": [
      0.1536071002483368,
      0.5099935531616211,
      0.27989038825035095,
      0.05650889500975609
    ],
    "var_abs_error": 0.058006882667541504,
    "weight_l1": 0.015232037752866745
  },
  "name": "pmog_multimodal_fidelity"
}